accuracy,precision,recall,f1_score,roc_auc
0.5454545454545454,0.29752066115702475,0.5454545454545454,0.3850267379679144,0.26666666666666666
