accuracy,precision,recall,f1_score,roc_auc
0.6923076923076923,0.6923076923076923,0.6923076923076923,0.6923076923076923,0.5499999999999999
