accuracy,precision,recall,f1_score,roc_auc
0.6153846153846154,0.631868131868132,0.6153846153846154,0.62004662004662,0.5249999999999999
