scenario,model,split,evaluation_level,subset,n_samples,accuracy,balanced_accuracy,precision,recall,f1,roc_auc,tn,fp,fn,tp
cross_mdvr_kcl_to_uams,random_forest_final,test,file,all,26,0.46153846153846156,0.5625,0.4166666666666667,1.0,0.5882352941176471,0.3125,2,14,0,10
cross_mdvr_kcl_to_uams,random_forest_final,test,file,uams,26,0.46153846153846156,0.5625,0.4166666666666667,1.0,0.5882352941176471,0.3125,2,14,0,10
cross_mdvr_kcl_to_uams,random_forest_final,test,patient,all,13,0.46153846153846156,0.5625,0.4166666666666667,1.0,0.5882352941176471,0.3125,1,7,0,5
cross_mdvr_kcl_to_uams,random_forest_final,test,patient,uams,13,0.46153846153846156,0.5625,0.4166666666666667,1.0,0.5882352941176471,0.3125,1,7,0,5
