accuracy,precision,recall,f1_score,roc_auc
0.36363636363636365,0.3522727272727273,0.36363636363636365,0.33100233100233106,0.6
