accuracy,precision,recall,f1_score,roc_auc
0.3629032258064516,0.7720954628901128,0.3629032258064516,0.2029107853587926,0.5758522727272728
