{
  "n_files": 162,
  "n_patients": 81,
  "class_balance": {
    "0": 82,
    "1": 80
  },
  "duration_stats": {
    "min": 1.516125,
    "max": 7.208,
    "mean": 3.324087962962963,
    "median": 3.101875,
    "std": 1.3269078956141127
  }
}