accuracy,precision,recall,f1_score,roc_auc
0.46153846153846156,0.5134615384615384,0.46153846153846156,0.46153846153846156,0.575
