accuracy,precision,recall,f1_score,roc_auc
0.8604651162790697,0.8657229524772497,0.8604651162790697,0.8612301101591187,0.955
