accuracy,precision,recall,f1_score,roc_auc
0.6290322580645161,0.6549539170506913,0.6290322580645161,0.6362510897994769,0.6366477272727273
