accuracy,precision,recall,f1_score,roc_auc
0.2857142857142857,0.5714285714285714,0.2857142857142857,0.38095238095238093,0.0
