accuracy,precision,recall,f1_score,roc_auc
0.3870967741935484,0.44596084918665563,0.3870967741935484,0.3960629655846563,0.33494318181818183
