accuracy,precision,recall,f1_score,roc_auc
0.782258064516129,0.7862089866207917,0.782258064516129,0.7837668803356086,0.86875
