{
  "n_files": 146,
  "n_patients": 73,
  "class_balance": {
    "0": 84,
    "1": 62
  },
  "duration_stats": {
    "min": 74.3366875,
    "max": 219.744,
    "mean": 135.35097260273972,
    "median": 130.7331875,
    "std": 32.604450610206996
  }
}