accuracy,precision,recall,f1_score,roc_auc
0.6153846153846154,0.37869822485207105,0.6153846153846154,0.46886446886446886,0.9
