scenario,model,split,evaluation_level,subset,n_samples,accuracy,balanced_accuracy,precision,recall,f1,roc_auc,tn,fp,fn,tp
cross_mdvr_kcl_to_ipvs,logreg_final,test,file,all,124,0.8629032258064516,0.8272727272727273,0.8539325842696629,0.95,0.8994082840236687,0.9005681818181819,31,13,4,76
cross_mdvr_kcl_to_ipvs,logreg_final,test,file,ipvs,124,0.8629032258064516,0.8272727272727273,0.8539325842696629,0.95,0.8994082840236687,0.9005681818181819,31,13,4,76
cross_mdvr_kcl_to_ipvs,logreg_final,test,patient,all,7,0.7142857142857143,0.8333333333333333,0.3333333333333333,1.0,0.5,0.6666666666666667,4,2,0,1
cross_mdvr_kcl_to_ipvs,logreg_final,test,patient,ipvs,7,0.7142857142857143,0.8333333333333333,0.3333333333333333,1.0,0.5,0.6666666666666667,4,2,0,1
