accuracy,precision,recall,f1_score,roc_auc
0.6153846153846154,0.583916083916084,0.6153846153846154,0.5633314054366685,0.675
