accuracy,precision,recall,f1_score,roc_auc
0.5454545454545454,0.538961038961039,0.5454545454545454,0.5376845376845377,0.4666666666666667
