accuracy,precision,recall,f1_score,roc_auc
0.7272727272727273,0.7393939393939394,0.7272727272727273,0.7272727272727273,0.9333333333333333
