accuracy,precision,recall,f1_score,roc_auc
0.38461538461538464,0.44755244755244755,0.38461538461538464,0.3153846153846154,0.4
