accuracy,precision,recall,f1_score,roc_auc
0.42857142857142855,0.8857142857142858,0.42857142857142855,0.4761904761904762,0.8333333333333334
