accuracy,precision,recall,f1_score,roc_auc
0.7096774193548387,0.7007168458781362,0.7096774193548387,0.702073732718894,0.696306818181818
