accuracy,precision,recall,f1_score,roc_auc
0.5645161290322581,0.5869602321215225,0.5645161290322581,0.572218564845293,0.528125
