accuracy,precision,recall,f1_score,roc_auc
0.6190476190476191,0.6848484848484849,0.6190476190476191,0.6296296296296295,0.7142857142857142
