accuracy,precision,recall,f1_score,roc_auc
0.8023255813953488,0.8045058139534884,0.8023255813953488,0.8029797714183097,0.8976388888888889
