accuracy,precision,recall,f1_score,roc_auc
0.8571428571428571,0.7346938775510203,0.8571428571428571,0.7912087912087912,0.6666666666666667
