accuracy,precision,recall,f1_score,roc_auc
0.3709677419354839,0.484468339307049,0.3709677419354839,0.2937181663837012,0.4303977272727273
