{
  "n_files": 831,
  "n_patients": 41,
  "class_balance": {
    "1": 437,
    "0": 394
  },
  "duration_stats": {
    "min": 2.528,
    "max": 248.48,
    "mean": 23.182271435018052,
    "median": 10.432,
    "std": 28.829670913092
  }
}