accuracy,precision,recall,f1_score,roc_auc
0.6923076923076923,0.6871794871794872,0.6923076923076923,0.6709401709401709,0.5
