accuracy,precision,recall,f1_score,roc_auc
0.7142857142857143,0.9047619047619048,0.7142857142857143,0.7571428571428572,1.0
