accuracy,precision,recall,f1_score,roc_auc
0.8306451612903226,0.8288322447934934,0.8306451612903226,0.8292150266003887,0.9295454545454545
