accuracy,precision,recall,f1_score,roc_auc
0.7441860465116279,0.745308431354943,0.7441860465116279,0.7446462072139041,0.8188888888888889
