accuracy,precision,recall,f1_score,roc_auc
0.6190476190476191,0.7371794871794871,0.6190476190476191,0.6242424242424243,0.6530612244897959
