accuracy,precision,recall,f1_score,roc_auc
0.5454545454545454,0.5303030303030304,0.5454545454545454,0.4935064935064935,0.3666666666666667
