scenario,model,split,evaluation_level,subset,n_samples,accuracy,balanced_accuracy,precision,recall,f1,roc_auc,tn,fp,fn,tp
single_uams,random_forest_final,test,file,all,26,0.6923076923076923,0.6375,0.6666666666666666,0.4,0.5,0.7124999999999999,14,2,6,4
single_uams,random_forest_final,test,file,uams,26,0.6923076923076923,0.6375,0.6666666666666666,0.4,0.5,0.7124999999999999,14,2,6,4
single_uams,random_forest_final,test,patient,all,13,0.6923076923076923,0.6375,0.6666666666666666,0.4,0.5,0.7124999999999999,7,1,3,2
single_uams,random_forest_final,test,patient,uams,13,0.6923076923076923,0.6375,0.6666666666666666,0.4,0.5,0.7124999999999999,7,1,3,2
