accuracy,precision,recall,f1_score,roc_auc
0.8571428571428571,0.9285714285714286,0.8571428571428571,0.8744588744588745,1.0
