accuracy,precision,recall,f1_score,roc_auc
0.9274193548387096,0.9321044546851,0.9274193548387096,0.9281997918834547,0.9815340909090909
