scenario,feature,feature_group,healthy_n_patients,parkinson_n_patients,healthy_mean,healthy_std,healthy_median,healthy_q1,healthy_q3,parkinson_mean,parkinson_std,parkinson_median,parkinson_q1,parkinson_q3,mean_difference_pd_minus_healthy,median_difference_pd_minus_healthy,cohens_d,abs_cohens_d,p_value_mannwhitney,q_value_bh
combined_all,rms_max,Energy / ZCR,120,75,0.20813576047802265,0.044876745992867575,0.206884816288948,0.1792764067649841,0.2373340018093586,0.2350038790472876,0.046268380885498776,0.2234282046556472,0.20493330806493754,0.25981361945854364,0.026868118569264937,0.01654338836669919,0.5916085301766938,0.5916085301766938,0.0002646775454060998,0.03159508325811986
combined_all,mfcc_12_mean,MFCC,120,75,1.210629118244484,8.15243755886163,2.2927562737574663,-3.44717418061325,4.472512403219472,5.165004323447204,6.430974224652756,4.761676889330484,0.3622887044682588,9.021614957847603,3.95437520520272,2.468920615573018,0.524522329359772,0.524522329359772,0.0002812618687666457,0.03159508325811986
combined_all,spectral_flatness_min,Spectral Descriptors,120,75,0.00011100148524873639,0.00022064517827576074,3.6955386804038426e-05,2.072920381124277e-06,9.04333750781744e-05,2.1405535665396472e-05,3.627242831338399e-05,2.212136905654916e-06,1.1174153087267769e-06,2.679707176866941e-05,-8.959594958333992e-05,-3.474324989838351e-05,-0.5128379846798974,0.5128379846798974,6.862500065233519e-06,0.002312662521983696
