accuracy,precision,recall,f1_score,roc_auc
0.45454545454545453,0.4242424242424242,0.45454545454545453,0.4253246753246753,0.4
